,hotel,feature
0,Beach Guest House Addalaichenai,Children Activities (Kid / Family Friendly)
,hotel,feature
0,Thompukandam Village Resort,Free parking
1,Thompukandam Village Resort,Free High Speed Internet (WiFi)
2,Thompukandam Village Resort,Pool
3,Thompukandam Village Resort,Restaurant
4,Thompukandam Village Resort,Airport transportation
5,Thompukandam Village Resort,Business Center with Internet Access
6,Thompukandam Village Resort,Meeting rooms
7,Thompukandam Village Resort,BBQ facilities
8,Thompukandam Village Resort,Secured parking
9,Thompukandam Village Resort,Wifi
10,Thompukandam Village Resort,Outdoor pool
11,Thompukandam Village Resort,Newspaper
12,Thompukandam Village Resort,24-hour front desk
13,Thompukandam Village Resort,Laundry service
14,Thompukandam Village Resort,Air conditioning
15,Thompukandam Village Resort,Desk
16,Thompukandam Village Resort,Room service
17,Thompukandam Village Resort,Seating area
18,Thompukandam Village Resort,Coffee / tea maker
19,Thompukandam Village Resort,Minibar
20,Thompukandam Village Resort,Bath / shower
21,Thompukandam Village Resort,Complimentary toiletries
22,Thompukandam Village Resort,Telephone
23,Thompukandam Village Resort,Bottled water
24,Thompukandam Village Resort,Refrigerator
25,Thompukandam Village Resort,Suites
,hotel,feature
0,Quench Inn,Restaurant
1,Quench Inn,Children Activities (Kid / Family Friendly)
,hotel,feature
0,Light House Beach Hut,Free parking
1,Light House Beach Hut,Restaurant
2,Light House Beach Hut,Beach
3,Light House Beach Hut,Bicycle rental
4,Light House Beach Hut,Airport transportation
5,Light House Beach Hut,BBQ facilities
6,Light House Beach Hut,Outdoor furniture
7,Light House Beach Hut,24-hour front desk
8,Light House Beach Hut,Secured parking
9,Light House Beach Hut,Sun terrace
10,Light House Beach Hut,Laundry service
11,Light House Beach Hut,Soundproof rooms
12,Light House Beach Hut,Private beach
13,Light House Beach Hut,Family rooms
,hotel,feature
0,Aprota Villas Arugambay,Free parking
1,Aprota Villas Arugambay,Free High Speed Internet (WiFi)
2,Aprota Villas Arugambay,Pool
3,Aprota Villas Arugambay,Fitness Center with Gym / Workout Room
4,Aprota Villas Arugambay,Free breakfast
5,Aprota Villas Arugambay,Beach
6,Aprota Villas Arugambay,Bicycle rental
7,Aprota Villas Arugambay,Kids stay free
8,Aprota Villas Arugambay,Electric vehicle charging station
9,Aprota Villas Arugambay,Valet parking
10,Aprota Villas Arugambay,Wifi
11,Aprota Villas Arugambay,Pool / beach towels
12,Aprota Villas Arugambay,Swimming pool toys
13,Aprota Villas Arugambay,Infinity pool
14,Aprota Villas Arugambay,Pool with view
15,Aprota Villas Arugambay,Adult pool
16,Aprota Villas Arugambay,Outdoor pool
17,Aprota Villas Arugambay,Private pool
18,Aprota Villas Arugambay,Plunge pool
19,Aprota Villas Arugambay,Shallow end in pool
20,Aprota Villas Arugambay,Bar / lounge
21,Aprota Villas Arugambay,Coffee shop
22,Aprota Villas Arugambay,Restaurant
23,Aprota Villas Arugambay,Breakfast available
24,Aprota Villas Arugambay,Breakfast in the room
25,Aprota Villas Arugambay,Complimentary Instant Coffee
26,Aprota Villas Arugambay,Complimentary tea
27,Aprota Villas Arugambay,Complimentary welcome drink
28,Aprota Villas Arugambay,Kids' meals
29,Aprota Villas Arugambay,Outdoor dining area
30,Aprota Villas Arugambay,Snack bar
31,Aprota Villas Arugambay,Special diet menus
32,Aprota Villas Arugambay,Wine / champagne
33,Aprota Villas Arugambay,Swimup bar
34,Aprota Villas Arugambay,Poolside bar
35,Aprota Villas Arugambay,Bicycles available
36,Aprota Villas Arugambay,Canoeing
37,Aprota Villas Arugambay,Water sport equipment rentals
38,Aprota Villas Arugambay,Walking tours
39,Aprota Villas Arugambay,Board games / puzzles
40,Aprota Villas Arugambay,Nightclub / DJ
41,Aprota Villas Arugambay,Children's television networks
42,Aprota Villas Arugambay,Kids pool
43,Aprota Villas Arugambay,Highchairs available
44,Aprota Villas Arugambay,Airport transportation
45,Aprota Villas Arugambay,Business Center with Internet Access
46,Aprota Villas Arugambay,Conference facilities
47,Aprota Villas Arugambay,Meeting rooms
48,Aprota Villas Arugambay,Photo copier / fax In business center
49,Aprota Villas Arugambay,Spa
50,Aprota Villas Arugambay,24-hour security
51,Aprota Villas Arugambay,BBQ facilities
52,Aprota Villas Arugambay,Baggage storage
53,Aprota Villas Arugambay,Concierge
54,Aprota Villas Arugambay,Non-smoking hotel
55,Aprota Villas Arugambay,Outdoor furniture
56,Aprota Villas Arugambay,Picnic area
57,Aprota Villas Arugambay,Sun deck
58,Aprota Villas Arugambay,Sun loungers / beach chairs
59,Aprota Villas Arugambay,Sun terrace
60,Aprota Villas Arugambay,Sun umbrellas
61,Aprota Villas Arugambay,Butler service
62,Aprota Villas Arugambay,Doorperson
63,Aprota Villas Arugambay,First aid kit
64,Aprota Villas Arugambay,Umbrella
65,Aprota Villas Arugambay,24-hour front desk
66,Aprota Villas Arugambay,Private check-in / check-out
67,Aprota Villas Arugambay,Dry cleaning
68,Aprota Villas Arugambay,Laundry service
69,Aprota Villas Arugambay,Ironing service
70,Aprota Villas Arugambay,Blackout curtains
71,Aprota Villas Arugambay,Bathrobes
72,Aprota Villas Arugambay,Air conditioning
73,Aprota Villas Arugambay,Desk
74,Aprota Villas Arugambay,Housekeeping
75,Aprota Villas Arugambay,Coffee / tea maker
76,Aprota Villas Arugambay,Cable / satellite TV
77,Aprota Villas Arugambay,Bidet
78,Aprota Villas Arugambay,Interconnected rooms available
79,Aprota Villas Arugambay,Private balcony
80,Aprota Villas Arugambay,Room service
81,Aprota Villas Arugambay,Safe
82,Aprota Villas Arugambay,Seating area
83,Aprota Villas Arugambay,Sofa
84,Aprota Villas Arugambay,Telephone
85,Aprota Villas Arugambay,Wardrobe / closet
86,Aprota Villas Arugambay,Bottled water
87,Aprota Villas Arugambay,Minibar
88,Aprota Villas Arugambay,Refrigerator
89,Aprota Villas Arugambay,Electric kettle
90,Aprota Villas Arugambay,Flatscreen TV
91,Aprota Villas Arugambay,On-demand movies
92,Aprota Villas Arugambay,Bath / shower
93,Aprota Villas Arugambay,Complimentary toiletries
94,Aprota Villas Arugambay,Hair dryer
95,Aprota Villas Arugambay,Ocean view
96,Aprota Villas Arugambay,Non-smoking rooms
97,Aprota Villas Arugambay,Suites
98,Aprota Villas Arugambay,Family rooms
,hotel,feature
0,Rathnapriya Safari Guest Galoya,Free parking
1,Rathnapriya Safari Guest Galoya,Free High Speed Internet (WiFi)
2,Rathnapriya Safari Guest Galoya,Wifi
3,Rathnapriya Safari Guest Galoya,Free breakfast
4,Rathnapriya Safari Guest Galoya,Pets Allowed ( Dog / Pet Friendly )
5,Rathnapriya Safari Guest Galoya,Airport transportation
6,Rathnapriya Safari Guest Galoya,Shuttle bus service
7,Rathnapriya Safari Guest Galoya,Room service
,hotel,feature
0,Whisky Point Surf Cabana,Free parking
1,Whisky Point Surf Cabana,Free High Speed Internet (WiFi)
2,Whisky Point Surf Cabana,Wifi
3,Whisky Point Surf Cabana,Free breakfast
4,Whisky Point Surf Cabana,Restaurant
5,Whisky Point Surf Cabana,Beach
6,Whisky Point Surf Cabana,Pets Allowed ( Dog / Pet Friendly )
7,Whisky Point Surf Cabana,Airport transportation
,hotel,feature
,hotel,feature
,hotel,feature
0,Paper Moon Kudils,Free parking
1,Paper Moon Kudils,Free internet
2,Paper Moon Kudils,Pool
3,Paper Moon Kudils,Fitness Center with Gym / Workout Room
4,Paper Moon Kudils,Free breakfast
5,Paper Moon Kudils,Beach
6,Paper Moon Kudils,Fishing
7,Paper Moon Kudils,Children Activities (Kid / Family Friendly)
8,Paper Moon Kudils,Secured parking
9,Paper Moon Kudils,Internet
10,Paper Moon Kudils,Pool / beach towels
11,Paper Moon Kudils,Outdoor pool
12,Paper Moon Kudils,Restaurant
13,Paper Moon Kudils,Breakfast available
14,Paper Moon Kudils,Complimentary welcome drink
15,Paper Moon Kudils,Airport transportation
16,Paper Moon Kudils,Car hire
17,Paper Moon Kudils,24-hour security
18,Paper Moon Kudils,Outdoor furniture
19,Paper Moon Kudils,Shared lounge / TV area
20,Paper Moon Kudils,Sun loungers / beach chairs
21,Paper Moon Kudils,Sun terrace
22,Paper Moon Kudils,24-hour front desk
23,Paper Moon Kudils,Express check-in / check-out
24,Paper Moon Kudils,Laundry service
25,Paper Moon Kudils,Ironing service
26,Paper Moon Kudils,Blackout curtains
27,Paper Moon Kudils,Private beach
28,Paper Moon Kudils,Desk
29,Paper Moon Kudils,Seating area
30,Paper Moon Kudils,Bottled water
31,Paper Moon Kudils,Wake-up service / alarm clock
32,Paper Moon Kudils,Bath / shower
33,Paper Moon Kudils,Non-smoking rooms
,hotel,feature
0,Riva Del Sole,Free parking
1,Riva Del Sole,Free internet
2,Riva Del Sole,Free breakfast
3,Riva Del Sole,Beach
4,Riva Del Sole,Children Activities (Kid / Family Friendly)
5,Riva Del Sole,Airport transportation
6,Riva Del Sole,Business Center with Internet Access
7,Riva Del Sole,Spa
8,Riva Del Sole,Secured parking
9,Riva Del Sole,Restaurant
10,Riva Del Sole,Room service
,hotel,feature
,hotel,feature
0,De Perla Resort,Free parking
1,De Perla Resort,Free High Speed Internet (WiFi)
2,De Perla Resort,Wifi
3,De Perla Resort,Free breakfast
4,De Perla Resort,Restaurant
5,De Perla Resort,Beach
6,De Perla Resort,Pets Allowed ( Dog / Pet Friendly )
7,De Perla Resort,Airport transportation
8,De Perla Resort,Family rooms
9,De Perla Resort,Smoking rooms available
,hotel,feature
,hotel,feature
0,Whisky Point Resort,Free parking
1,Whisky Point Resort,Free High Speed Internet (WiFi)
2,Whisky Point Resort,Yoga classes
3,Whisky Point Resort,Free breakfast
4,Whisky Point Resort,Beach
5,Whisky Point Resort,Snorkeling
6,Whisky Point Resort,Pets Allowed ( Dog / Pet Friendly )
7,Whisky Point Resort,Airport transportation
8,Whisky Point Resort,Secured parking
9,Whisky Point Resort,Wifi
10,Whisky Point Resort,Yoga room
11,Whisky Point Resort,Bar / lounge
12,Whisky Point Resort,Restaurant
13,Whisky Point Resort,Bicycle tours
14,Whisky Point Resort,Fishing
15,Whisky Point Resort,Nightclub / DJ
16,Whisky Point Resort,Shuttle bus service
17,Whisky Point Resort,Car hire
18,Whisky Point Resort,Taxi service
19,Whisky Point Resort,Spa
20,Whisky Point Resort,Massage
21,Whisky Point Resort,Neck massage
22,Whisky Point Resort,Concierge
23,Whisky Point Resort,Currency exchange
24,Whisky Point Resort,Mosquito net
25,Whisky Point Resort,Outdoor fireplace
26,Whisky Point Resort,Outdoor furniture
27,Whisky Point Resort,Picnic area
28,Whisky Point Resort,Sun loungers / beach chairs
29,Whisky Point Resort,Laundry service
30,Whisky Point Resort,Housekeeping
31,Whisky Point Resort,Room service
32,Whisky Point Resort,Bath / shower
33,Whisky Point Resort,Ocean view
34,Whisky Point Resort,Landmark view
35,Whisky Point Resort,Non-smoking rooms
,hotel,feature
,hotel,feature
,hotel,feature
0,Dream Garden Resort,Free parking
1,Dream Garden Resort,Free High Speed Internet (WiFi)
2,Dream Garden Resort,Pool
3,Dream Garden Resort,Bar / lounge
4,Dream Garden Resort,Beach
5,Dream Garden Resort,Bicycle rental
6,Dream Garden Resort,Children Activities (Kid / Family Friendly)
7,Dream Garden Resort,Pets Allowed ( Dog / Pet Friendly )
8,Dream Garden Resort,Parking
9,Dream Garden Resort,Wifi
10,Dream Garden Resort,Pool / beach towels
11,Dream Garden Resort,Outdoor pool
12,Dream Garden Resort,Restaurant
13,Dream Garden Resort,Breakfast available
14,Dream Garden Resort,Water sport equipment rentals
15,Dream Garden Resort,Airport transportation
16,Dream Garden Resort,Non-smoking hotel
17,Dream Garden Resort,Sun umbrellas
18,Dream Garden Resort,Laundry service
19,Dream Garden Resort,Air conditioning
20,Dream Garden Resort,Desk
21,Dream Garden Resort,Housekeeping
22,Dream Garden Resort,Room service
23,Dream Garden Resort,Electric kettle
24,Dream Garden Resort,Cable / satellite TV
25,Dream Garden Resort,Flatscreen TV
26,Dream Garden Resort,Bath / shower
27,Dream Garden Resort,Safe
28,Dream Garden Resort,Seating area
29,Dream Garden Resort,Telephone
30,Dream Garden Resort,Wardrobe / closet
31,Dream Garden Resort,Clothes rack
32,Dream Garden Resort,Private bathrooms
33,Dream Garden Resort,Wake-up service / alarm clock
34,Dream Garden Resort,Complimentary toiletries
35,Dream Garden Resort,Hair dryer
36,Dream Garden Resort,Non-smoking rooms
37,Dream Garden Resort,Suites
38,Dream Garden Resort,Family rooms
,hotel,feature
0,Ecoland Resort,Free parking
1,Ecoland Resort,Restaurant
2,Ecoland Resort,Children Activities (Kid / Family Friendly)
3,Ecoland Resort,Airport transportation
4,Ecoland Resort,Room service
,hotel,feature
0,Blue Waters Arugambay,Free parking
1,Blue Waters Arugambay,Free High Speed Internet (WiFi)
2,Blue Waters Arugambay,Pool / beach towels
3,Blue Waters Arugambay,Yoga classes
4,Blue Waters Arugambay,Coffee shop
5,Blue Waters Arugambay,Beach
6,Blue Waters Arugambay,Bicycle rental
7,Blue Waters Arugambay,Children's playground
8,Blue Waters Arugambay,Restaurant
9,Blue Waters Arugambay,Breakfast available
10,Blue Waters Arugambay,Kids' meals
11,Blue Waters Arugambay,Outdoor dining area
12,Blue Waters Arugambay,Special diet menus
13,Blue Waters Arugambay,Fishing
14,Blue Waters Arugambay,Patio
15,Blue Waters Arugambay,Walking tours
16,Blue Waters Arugambay,Indoor play area for children
17,Blue Waters Arugambay,Children Activities (Kid / Family Friendly)
18,Blue Waters Arugambay,Airport transportation
19,Blue Waters Arugambay,Car hire
20,Blue Waters Arugambay,Taxi service
21,Blue Waters Arugambay,Foot massage
22,Blue Waters Arugambay,24-hour security
23,Blue Waters Arugambay,BBQ facilities
24,Blue Waters Arugambay,Baggage storage
25,Blue Waters Arugambay,Currency exchange
26,Blue Waters Arugambay,Mosquito net
27,Blue Waters Arugambay,Newspaper
28,Blue Waters Arugambay,Outdoor fireplace
29,Blue Waters Arugambay,Outdoor furniture
30,Blue Waters Arugambay,Sun loungers / beach chairs
31,Blue Waters Arugambay,Sun umbrellas
32,Blue Waters Arugambay,First aid kit
33,Blue Waters Arugambay,Umbrella
34,Blue Waters Arugambay,24-hour front desk
35,Blue Waters Arugambay,Express check-in / check-out
36,Blue Waters Arugambay,Dry cleaning
37,Blue Waters Arugambay,Laundry service
38,Blue Waters Arugambay,Ironing service
39,Blue Waters Arugambay,Allergy-free room
40,Blue Waters Arugambay,Blackout curtains
41,Blue Waters Arugambay,Private beach
42,Blue Waters Arugambay,Desk
43,Blue Waters Arugambay,Housekeeping
44,Blue Waters Arugambay,Coffee / tea maker
45,Blue Waters Arugambay,Extra long beds
46,Blue Waters Arugambay,Bidet
47,Blue Waters Arugambay,Private balcony
48,Blue Waters Arugambay,Room service
49,Blue Waters Arugambay,Safe
50,Blue Waters Arugambay,Seating area
51,Blue Waters Arugambay,Wardrobe / closet
52,Blue Waters Arugambay,Bottled water
53,Blue Waters Arugambay,Clothes rack
54,Blue Waters Arugambay,Private bathrooms
55,Blue Waters Arugambay,Wake-up service / alarm clock
56,Blue Waters Arugambay,Kitchenette
57,Blue Waters Arugambay,Oven
58,Blue Waters Arugambay,Refrigerator
59,Blue Waters Arugambay,Stovetop
60,Blue Waters Arugambay,Electric kettle
61,Blue Waters Arugambay,Kitchenware
62,Blue Waters Arugambay,Walk-in shower
63,Blue Waters Arugambay,Bath / shower
64,Blue Waters Arugambay,Complimentary toiletries
65,Blue Waters Arugambay,Ocean view
66,Blue Waters Arugambay,Landmark view
67,Blue Waters Arugambay,Bridal suite
68,Blue Waters Arugambay,Family rooms
,hotel,feature
0,Kottukal Beach House By Jetwing,Free parking
1,Kottukal Beach House By Jetwing,Free High Speed Internet (WiFi)
2,Kottukal Beach House By Jetwing,Outdoor pool
3,Kottukal Beach House By Jetwing,Restaurant
4,Kottukal Beach House By Jetwing,Beach
5,Kottukal Beach House By Jetwing,BBQ facilities
6,Kottukal Beach House By Jetwing,Mosquito net
7,Kottukal Beach House By Jetwing,Laundry service
8,Kottukal Beach House By Jetwing,Parking
9,Kottukal Beach House By Jetwing,Wifi
10,Kottukal Beach House By Jetwing,Breakfast available
11,Kottukal Beach House By Jetwing,Air conditioning
12,Kottukal Beach House By Jetwing,Desk
13,Kottukal Beach House By Jetwing,Housekeeping
14,Kottukal Beach House By Jetwing,Safe
15,Kottukal Beach House By Jetwing,Seating area
16,Kottukal Beach House By Jetwing,Sofa
17,Kottukal Beach House By Jetwing,Bath / shower
18,Kottukal Beach House By Jetwing,Complimentary toiletries
19,Kottukal Beach House By Jetwing,Bottled water
20,Kottukal Beach House By Jetwing,Iron
21,Kottukal Beach House By Jetwing,Hair dryer
22,Kottukal Beach House By Jetwing,Non-smoking rooms
23,Kottukal Beach House By Jetwing,Family rooms
,hotel,feature
0,Jetwing Surf,Free parking
1,Jetwing Surf,Free High Speed Internet (WiFi)
2,Jetwing Surf,Pool
3,Jetwing Surf,Free breakfast
4,Jetwing Surf,Beach
5,Jetwing Surf,Airport transportation
6,Jetwing Surf,24-hour security
7,Jetwing Surf,Concierge
8,Jetwing Surf,Wifi
9,Jetwing Surf,Pool / beach towels
10,Jetwing Surf,Outdoor pool
11,Jetwing Surf,Bar / lounge
12,Jetwing Surf,Restaurant
13,Jetwing Surf,Breakfast available
14,Jetwing Surf,Special diet menus
15,Jetwing Surf,Taxi service
16,Jetwing Surf,Mosquito net
17,Jetwing Surf,Sun umbrellas
18,Jetwing Surf,Private check-in / check-out
19,Jetwing Surf,Dry cleaning
20,Jetwing Surf,Laundry service
21,Jetwing Surf,Ironing service
22,Jetwing Surf,Bathrobes
23,Jetwing Surf,Housekeeping
24,Jetwing Surf,Room service
25,Jetwing Surf,Safe
26,Jetwing Surf,Seating area
27,Jetwing Surf,Coffee / tea maker
28,Jetwing Surf,Bath / shower
29,Jetwing Surf,Complimentary toiletries
30,Jetwing Surf,Clothes rack
31,Jetwing Surf,Wake-up service / alarm clock
32,Jetwing Surf,Hair dryer
33,Jetwing Surf,Non-smoking rooms
,hotel,feature
,hotel,feature
,hotel,feature
0,20 House Arugam,Free parking
1,20 House Arugam,Free High Speed Internet (WiFi)
2,20 House Arugam,Coffee shop
3,20 House Arugam,Beach
4,20 House Arugam,Bicycle rental
5,20 House Arugam,Airport transportation
6,20 House Arugam,Open-air bath
7,20 House Arugam,BBQ facilities
8,20 House Arugam,Parking garage
9,20 House Arugam,Wifi
10,20 House Arugam,Restaurant
11,20 House Arugam,Breakfast available
12,20 House Arugam,Wine / champagne
13,20 House Arugam,Car hire
14,20 House Arugam,Non-smoking hotel
15,20 House Arugam,Outdoor furniture
16,20 House Arugam,Shared kitchen
17,20 House Arugam,Shared lounge / TV area
18,20 House Arugam,Shops
19,20 House Arugam,Sun umbrellas
20,20 House Arugam,24-hour front desk
21,20 House Arugam,Dry cleaning
22,20 House Arugam,Laundry service
23,20 House Arugam,Self-serve laundry
24,20 House Arugam,Ironing service
25,20 House Arugam,Soundproof rooms
26,20 House Arugam,Air conditioning
27,20 House Arugam,Room service
28,20 House Arugam,Bottled water
29,20 House Arugam,Kitchenette
30,20 House Arugam,Non-smoking rooms
31,20 House Arugam,Family rooms
32,20 House Arugam,Smoking rooms available
,hotel,feature
0,Alaia Resort,Free parking
1,Alaia Resort,Parking
2,Alaia Resort,Free High Speed Internet (WiFi)
3,Alaia Resort,Restaurant
4,Alaia Resort,Beach
5,Alaia Resort,Airport transportation
6,Alaia Resort,BBQ facilities
7,Alaia Resort,Non-smoking hotel
8,Alaia Resort,Wifi
9,Alaia Resort,Taxi service
10,Alaia Resort,Air conditioning
11,Alaia Resort,Room service
12,Alaia Resort,Non-smoking rooms
13,Alaia Resort,Family rooms
,hotel,feature
0,Hotel Arugam bay Beach Inn,Free parking
1,Hotel Arugam bay Beach Inn,Free High Speed Internet (WiFi)
2,Hotel Arugam bay Beach Inn,Bar / lounge
3,Hotel Arugam bay Beach Inn,Beach
4,Hotel Arugam bay Beach Inn,Bicycle rental
5,Hotel Arugam bay Beach Inn,Children Activities (Kid / Family Friendly)
6,Hotel Arugam bay Beach Inn,Pets Allowed ( Dog / Pet Friendly )
7,Hotel Arugam bay Beach Inn,Airport transportation
8,Hotel Arugam bay Beach Inn,Secured parking
9,Hotel Arugam bay Beach Inn,Restaurant
10,Hotel Arugam bay Beach Inn,Breakfast in the room
11,Hotel Arugam bay Beach Inn,Kids' meals
12,Hotel Arugam bay Beach Inn,Special diet menus
13,Hotel Arugam bay Beach Inn,Shuttle bus service
14,Hotel Arugam bay Beach Inn,Car hire
15,Hotel Arugam bay Beach Inn,BBQ facilities
16,Hotel Arugam bay Beach Inn,Baggage storage
17,Hotel Arugam bay Beach Inn,Concierge
18,Hotel Arugam bay Beach Inn,Currency exchange
19,Hotel Arugam bay Beach Inn,Newspaper
20,Hotel Arugam bay Beach Inn,Non-smoking hotel
21,Hotel Arugam bay Beach Inn,Shared kitchen
22,Hotel Arugam bay Beach Inn,Shared lounge / TV area
23,Hotel Arugam bay Beach Inn,Sun loungers / beach chairs
24,Hotel Arugam bay Beach Inn,Sun terrace
25,Hotel Arugam bay Beach Inn,Sun umbrellas
26,Hotel Arugam bay Beach Inn,24-hour front desk
27,Hotel Arugam bay Beach Inn,Express check-in / check-out
28,Hotel Arugam bay Beach Inn,Private check-in / check-out
29,Hotel Arugam bay Beach Inn,Laundry service
30,Hotel Arugam bay Beach Inn,Air conditioning
31,Hotel Arugam bay Beach Inn,Private beach
32,Hotel Arugam bay Beach Inn,Room service
33,Hotel Arugam bay Beach Inn,Bottled water
,hotel,feature
0,Sunset View Beach Hotel,Free parking
1,Sunset View Beach Hotel,Free High Speed Internet (WiFi)
2,Sunset View Beach Hotel,Restaurant
3,Sunset View Beach Hotel,Beach
4,Sunset View Beach Hotel,Bicycle rental
5,Sunset View Beach Hotel,Children's television networks
6,Sunset View Beach Hotel,Pets Allowed ( Dog / Pet Friendly )
7,Sunset View Beach Hotel,Airport transportation
8,Sunset View Beach Hotel,Secured parking
9,Sunset View Beach Hotel,Breakfast in the room
10,Sunset View Beach Hotel,Bicycles available
11,Sunset View Beach Hotel,Bicycle tours
12,Sunset View Beach Hotel,Fishing
13,Sunset View Beach Hotel,Car hire
14,Sunset View Beach Hotel,BBQ facilities
15,Sunset View Beach Hotel,Convenience store
16,Sunset View Beach Hotel,Currency exchange
17,Sunset View Beach Hotel,Mosquito net
18,Sunset View Beach Hotel,Newspaper
19,Sunset View Beach Hotel,Outdoor furniture
20,Sunset View Beach Hotel,Picnic area
21,Sunset View Beach Hotel,Shared kitchen
22,Sunset View Beach Hotel,Shared lounge / TV area
23,Sunset View Beach Hotel,Shops
24,Sunset View Beach Hotel,Sun terrace
25,Sunset View Beach Hotel,24-hour front desk
26,Sunset View Beach Hotel,Private check-in / check-out
27,Sunset View Beach Hotel,Dry cleaning
28,Sunset View Beach Hotel,Laundry service
29,Sunset View Beach Hotel,Washing machine
30,Sunset View Beach Hotel,Ironing service
31,Sunset View Beach Hotel,Air conditioning
32,Sunset View Beach Hotel,Additional bathroom
33,Sunset View Beach Hotel,Desk
34,Sunset View Beach Hotel,Housekeeping
35,Sunset View Beach Hotel,Coffee / tea maker
36,Sunset View Beach Hotel,Microwave
37,Sunset View Beach Hotel,Bath / shower
38,Sunset View Beach Hotel,Complimentary toiletries
39,Sunset View Beach Hotel,Room service
40,Sunset View Beach Hotel,Seating area
41,Sunset View Beach Hotel,Bottled water
42,Sunset View Beach Hotel,Clothes rack
43,Sunset View Beach Hotel,Iron
44,Sunset View Beach Hotel,Wake-up service / alarm clock
,hotel,feature
0,Star Rest Surf Camp,Free parking
1,Star Rest Surf Camp,Free High Speed Internet (WiFi)
2,Star Rest Surf Camp,Yoga classes
3,Star Rest Surf Camp,Free breakfast
4,Star Rest Surf Camp,Beach
5,Star Rest Surf Camp,Badminton
6,Star Rest Surf Camp,Kids stay free
7,Star Rest Surf Camp,"Books, DVDs, music for children"
8,Star Rest Surf Camp,Valet parking
9,Star Rest Surf Camp,Wifi
10,Star Rest Surf Camp,Fitness / spa locker rooms
11,Star Rest Surf Camp,Personal trainer
12,Star Rest Surf Camp,Restaurant
13,Star Rest Surf Camp,Breakfast available
14,Star Rest Surf Camp,Breakfast in the room
15,Star Rest Surf Camp,Complimentary Instant Coffee
16,Star Rest Surf Camp,Complimentary tea
17,Star Rest Surf Camp,Complimentary welcome drink
18,Star Rest Surf Camp,Happy hour
19,Star Rest Surf Camp,Kid-friendly buffet
20,Star Rest Surf Camp,Kids' meals
21,Star Rest Surf Camp,Outdoor dining area
22,Star Rest Surf Camp,Special diet menus
23,Star Rest Surf Camp,Bicycle rental
24,Star Rest Surf Camp,Bicycles available
25,Star Rest Surf Camp,Boating
26,Star Rest Surf Camp,Bowling
27,Star Rest Surf Camp,Water sport equipment rentals
28,Star Rest Surf Camp,Windsurfing
29,Star Rest Surf Camp,Bicycle tours
30,Star Rest Surf Camp,Entertainment staff
31,Star Rest Surf Camp,Evening entertainment
32,Star Rest Surf Camp,Fishing
33,Star Rest Surf Camp,Walking tours
34,Star Rest Surf Camp,Nightclub / DJ
35,Star Rest Surf Camp,Children's playground
36,Star Rest Surf Camp,Pets Allowed ( Dog / Pet Friendly )
37,Star Rest Surf Camp,Airport transportation
38,Star Rest Surf Camp,Shuttle bus service
39,Star Rest Surf Camp,Car hire
40,Star Rest Surf Camp,Taxi service
41,Star Rest Surf Camp,Photo copier / fax In business center
42,Star Rest Surf Camp,Spa
43,Star Rest Surf Camp,Couples massage
44,Star Rest Surf Camp,Facial treatments
45,Star Rest Surf Camp,Foot bath
46,Star Rest Surf Camp,Foot massage
47,Star Rest Surf Camp,Full body massage
48,Star Rest Surf Camp,Hand massage
49,Star Rest Surf Camp,Head massage
50,Star Rest Surf Camp,Massage
51,Star Rest Surf Camp,Neck massage
52,Star Rest Surf Camp,Open-air bath
53,Star Rest Surf Camp,Adults only
54,Star Rest Surf Camp,Rooftop terrace
55,Star Rest Surf Camp,Ski In / Ski Out
56,Star Rest Surf Camp,24-hour security
57,Star Rest Surf Camp,BBQ facilities
58,Star Rest Surf Camp,Baggage storage
59,Star Rest Surf Camp,Chapel / shrine
60,Star Rest Surf Camp,Convenience store
61,Star Rest Surf Camp,Currency exchange
62,Star Rest Surf Camp,Executive lounge access
63,Star Rest Surf Camp,Mosquito net
64,Star Rest Surf Camp,Newspaper
65,Star Rest Surf Camp,Non-smoking hotel
66,Star Rest Surf Camp,Outdoor fireplace
67,Star Rest Surf Camp,Outdoor furniture
68,Star Rest Surf Camp,Picnic area
69,Star Rest Surf Camp,Shared bathroom
70,Star Rest Surf Camp,Shared kitchen
71,Star Rest Surf Camp,Shared lounge / TV area
72,Star Rest Surf Camp,Shops
73,Star Rest Surf Camp,Sun deck
74,Star Rest Surf Camp,Sun loungers / beach chairs
75,Star Rest Surf Camp,Sun terrace
76,Star Rest Surf Camp,Sun umbrellas
77,Star Rest Surf Camp,ATM on site
78,Star Rest Surf Camp,Butler service
79,Star Rest Surf Camp,First aid kit
80,Star Rest Surf Camp,Umbrella
81,Star Rest Surf Camp,24-hour check-in
82,Star Rest Surf Camp,24-hour front desk
83,Star Rest Surf Camp,Express check-in / check-out
84,Star Rest Surf Camp,Private check-in / check-out
85,Star Rest Surf Camp,Clothes dryer
86,Star Rest Surf Camp,Dry cleaning
87,Star Rest Surf Camp,Laundry service
88,Star Rest Surf Camp,Self-serve laundry
89,Star Rest Surf Camp,Washing machine
90,Star Rest Surf Camp,Ironing service
91,Star Rest Surf Camp,Shoeshine
92,Star Rest Surf Camp,Air conditioning
93,Star Rest Surf Camp,Private beach
94,Star Rest Surf Camp,Additional bathroom
95,Star Rest Surf Camp,Desk
96,Star Rest Surf Camp,Kitchenette
97,Star Rest Surf Camp,Flatscreen TV
98,Star Rest Surf Camp,Extra long beds
99,Star Rest Surf Camp,Bath / shower
100,Star Rest Surf Camp,Dining area
101,Star Rest Surf Camp,Fireplace
102,Star Rest Surf Camp,Housekeeping
103,Star Rest Surf Camp,Interconnected rooms available
104,Star Rest Surf Camp,Private balcony
105,Star Rest Surf Camp,Room service
106,Star Rest Surf Camp,Safe
107,Star Rest Surf Camp,Seating area
108,Star Rest Surf Camp,Separate dining area
109,Star Rest Surf Camp,Separate living room
110,Star Rest Surf Camp,Sofa
111,Star Rest Surf Camp,Telephone
112,Star Rest Surf Camp,Bottled water
113,Star Rest Surf Camp,Clothes rack
114,Star Rest Surf Camp,Iron
115,Star Rest Surf Camp,Private bathrooms
116,Star Rest Surf Camp,Wake-up service / alarm clock
117,Star Rest Surf Camp,Dishwasher
118,Star Rest Surf Camp,Oven
119,Star Rest Surf Camp,Refrigerator
120,Star Rest Surf Camp,Electric kettle
121,Star Rest Surf Camp,Kitchenware
122,Star Rest Surf Camp,Complimentary toiletries
123,Star Rest Surf Camp,Hair dryer
124,Star Rest Surf Camp,City view
125,Star Rest Surf Camp,Landmark view
126,Star Rest Surf Camp,Non-smoking rooms
127,Star Rest Surf Camp,Family rooms
128,Star Rest Surf Camp,Smoking rooms available
,hotel,feature
0,Star Rest Beach Hotel Arugambay,Free parking
1,Star Rest Beach Hotel Arugambay,Free High Speed Internet (WiFi)
2,Star Rest Beach Hotel Arugambay,Coffee shop
3,Star Rest Beach Hotel Arugambay,Bicycle rental
4,Star Rest Beach Hotel Arugambay,Boating
5,Star Rest Beach Hotel Arugambay,Babysitting
6,Star Rest Beach Hotel Arugambay,Children Activities (Kid / Family Friendly)
7,Star Rest Beach Hotel Arugambay,Pets Allowed ( Dog / Pet Friendly )
8,Star Rest Beach Hotel Arugambay,Valet parking
9,Star Rest Beach Hotel Arugambay,Wifi
10,Star Rest Beach Hotel Arugambay,Restaurant
11,Star Rest Beach Hotel Arugambay,Breakfast available
12,Star Rest Beach Hotel Arugambay,Windsurfing
13,Star Rest Beach Hotel Arugambay,Fishing
14,Star Rest Beach Hotel Arugambay,Nightclub / DJ
15,Star Rest Beach Hotel Arugambay,Airport transportation
16,Star Rest Beach Hotel Arugambay,Shuttle bus service
17,Star Rest Beach Hotel Arugambay,Car hire
18,Star Rest Beach Hotel Arugambay,Taxi service
19,Star Rest Beach Hotel Arugambay,Business Center with Internet Access
20,Star Rest Beach Hotel Arugambay,Massage
21,Star Rest Beach Hotel Arugambay,24-hour security
22,Star Rest Beach Hotel Arugambay,BBQ facilities
23,Star Rest Beach Hotel Arugambay,Baggage storage
24,Star Rest Beach Hotel Arugambay,Currency exchange
25,Star Rest Beach Hotel Arugambay,Mosquito net
26,Star Rest Beach Hotel Arugambay,Non-smoking hotel
27,Star Rest Beach Hotel Arugambay,ATM on site
28,Star Rest Beach Hotel Arugambay,24-hour check-in
29,Star Rest Beach Hotel Arugambay,24-hour front desk
30,Star Rest Beach Hotel Arugambay,Express check-in / check-out
31,Star Rest Beach Hotel Arugambay,Dry cleaning
32,Star Rest Beach Hotel Arugambay,Laundry service
33,Star Rest Beach Hotel Arugambay,Air conditioning
34,Star Rest Beach Hotel Arugambay,Private beach
35,Star Rest Beach Hotel Arugambay,Fireplace
36,Star Rest Beach Hotel Arugambay,Housekeeping
37,Star Rest Beach Hotel Arugambay,Room service
38,Star Rest Beach Hotel Arugambay,Seating area
39,Star Rest Beach Hotel Arugambay,Kitchenette
40,Star Rest Beach Hotel Arugambay,Hair dryer
41,Star Rest Beach Hotel Arugambay,Wake-up service / alarm clock
42,Star Rest Beach Hotel Arugambay,Non-smoking rooms
43,Star Rest Beach Hotel Arugambay,Suites
44,Star Rest Beach Hotel Arugambay,Family rooms
45,Star Rest Beach Hotel Arugambay,Smoking rooms available
,hotel,feature
0,1. Thompukandam Village Resort,Free parking
1,1. Thompukandam Village Resort,Free High Speed Internet (WiFi)
2,1. Thompukandam Village Resort,Pool
3,1. Thompukandam Village Resort,Restaurant
4,1. Thompukandam Village Resort,Airport transportation
5,1. Thompukandam Village Resort,Business Center with Internet Access
6,1. Thompukandam Village Resort,Meeting rooms
7,1. Thompukandam Village Resort,BBQ facilities
8,1. Thompukandam Village Resort,Secured parking
9,1. Thompukandam Village Resort,Wifi
10,1. Thompukandam Village Resort,Outdoor pool
11,1. Thompukandam Village Resort,Newspaper
12,1. Thompukandam Village Resort,24-hour front desk
13,1. Thompukandam Village Resort,Laundry service
14,1. Thompukandam Village Resort,Air conditioning
15,1. Thompukandam Village Resort,Desk
16,1. Thompukandam Village Resort,Room service
17,1. Thompukandam Village Resort,Seating area
18,1. Thompukandam Village Resort,Coffee / tea maker
19,1. Thompukandam Village Resort,Minibar
20,1. Thompukandam Village Resort,Bath / shower
21,1. Thompukandam Village Resort,Complimentary toiletries
22,1. Thompukandam Village Resort,Telephone
23,1. Thompukandam Village Resort,Bottled water
24,1. Thompukandam Village Resort,Refrigerator
25,1. Thompukandam Village Resort,Suites
,hotel,feature
0,2. GreenBees Nature Farm,Free parking
1,2. GreenBees Nature Farm,Wifi
2,2. GreenBees Nature Farm,Lazy river
3,2. GreenBees Nature Farm,Free breakfast
4,2. GreenBees Nature Farm,Archery
5,2. GreenBees Nature Farm,Bicycle rental
6,2. GreenBees Nature Farm,Babysitting
7,2. GreenBees Nature Farm,Children's playground
8,2. GreenBees Nature Farm,Secured parking
9,2. GreenBees Nature Farm,Bar / lounge
10,2. GreenBees Nature Farm,Restaurant
11,2. GreenBees Nature Farm,Breakfast available
12,2. GreenBees Nature Farm,Complimentary Instant Coffee
13,2. GreenBees Nature Farm,Complimentary tea
14,2. GreenBees Nature Farm,Complimentary welcome drink
15,2. GreenBees Nature Farm,Kid-friendly buffet
16,2. GreenBees Nature Farm,Kids' meals
17,2. GreenBees Nature Farm,Outdoor dining area
18,2. GreenBees Nature Farm,Snack bar
19,2. GreenBees Nature Farm,Special diet menus
20,2. GreenBees Nature Farm,Wine / champagne
21,2. GreenBees Nature Farm,Boating
22,2. GreenBees Nature Farm,Hiking
23,2. GreenBees Nature Farm,Archery offsite
24,2. GreenBees Nature Farm,Bicycle tours
25,2. GreenBees Nature Farm,Evening entertainment
26,2. GreenBees Nature Farm,Fishing
27,2. GreenBees Nature Farm,Walking tours
28,2. GreenBees Nature Farm,Indoor play area for children
29,2. GreenBees Nature Farm,Kids' outdoor play equipment
30,2. GreenBees Nature Farm,Airport transportation
31,2. GreenBees Nature Farm,Car hire
32,2. GreenBees Nature Farm,Taxi service
33,2. GreenBees Nature Farm,Hot spring bath
34,2. GreenBees Nature Farm,24-hour security
35,2. GreenBees Nature Farm,BBQ facilities
36,2. GreenBees Nature Farm,Baggage storage
37,2. GreenBees Nature Farm,Concierge
38,2. GreenBees Nature Farm,Currency exchange
39,2. GreenBees Nature Farm,Mosquito net
40,2. GreenBees Nature Farm,Outdoor fireplace
41,2. GreenBees Nature Farm,Outdoor furniture
42,2. GreenBees Nature Farm,Picnic area
43,2. GreenBees Nature Farm,Shared bathroom
44,2. GreenBees Nature Farm,Shared kitchen
45,2. GreenBees Nature Farm,Shared lounge / TV area
46,2. GreenBees Nature Farm,Sun deck
47,2. GreenBees Nature Farm,Sun terrace
48,2. GreenBees Nature Farm,Butler service
49,2. GreenBees Nature Farm,First aid kit
50,2. GreenBees Nature Farm,Infirmary
51,2. GreenBees Nature Farm,Umbrella
52,2. GreenBees Nature Farm,24-hour check-in
53,2. GreenBees Nature Farm,24-hour front desk
54,2. GreenBees Nature Farm,Express check-in / check-out
55,2. GreenBees Nature Farm,Private check-in / check-out
56,2. GreenBees Nature Farm,Laundry service
57,2. GreenBees Nature Farm,Housekeeping
58,2. GreenBees Nature Farm,Room service
59,2. GreenBees Nature Farm,Bottled water
60,2. GreenBees Nature Farm,Clothes rack
61,2. GreenBees Nature Farm,Laptop safe
62,2. GreenBees Nature Farm,Extra long beds
63,2. GreenBees Nature Farm,Bidet
64,2. GreenBees Nature Farm,Bath / shower
65,2. GreenBees Nature Farm,Wake-up service / alarm clock
66,2. GreenBees Nature Farm,Complimentary toiletries
67,2. GreenBees Nature Farm,Mountain view
68,2. GreenBees Nature Farm,Non-smoking rooms
69,2. GreenBees Nature Farm,Family rooms
70,2. GreenBees Nature Farm,Smoking rooms available
,hotel,feature
0,3. Explorer by Mahoora - Maduru Oya,Free parking
1,3. Explorer by Mahoora - Maduru Oya,Public wifi
2,3. Explorer by Mahoora - Maduru Oya,Free breakfast
3,3. Explorer by Mahoora - Maduru Oya,Bar / lounge
4,3. Explorer by Mahoora - Maduru Oya,Restaurant
5,3. Explorer by Mahoora - Maduru Oya,Children Activities (Kid / Family Friendly)
6,3. Explorer by Mahoora - Maduru Oya,Airport transportation
7,3. Explorer by Mahoora - Maduru Oya,Non-smoking hotel
8,3. Explorer by Mahoora - Maduru Oya,Room service
9,3. Explorer by Mahoora - Maduru Oya,Non-smoking rooms
10,3. Explorer by Mahoora - Maduru Oya,Suites
11,3. Explorer by Mahoora - Maduru Oya,Family rooms
,hotel,feature
0,4. Mahoora Tented Safari Camps,Free parking
1,4. Mahoora Tented Safari Camps,Free breakfast
2,4. Mahoora Tented Safari Camps,Bar / lounge
3,4. Mahoora Tented Safari Camps,Room service
4,4. Mahoora Tented Safari Camps,Kitchenette
,hotel,feature
0,5. Quench Inn,Restaurant
1,5. Quench Inn,Children Activities (Kid / Family Friendly)
,hotel,feature
0,6. Explorer by Mahoora - Kumana,Free parking
1,6. Explorer by Mahoora - Kumana,Free breakfast
2,6. Explorer by Mahoora - Kumana,Babysitting
3,6. Explorer by Mahoora - Kumana,Children Activities (Kid / Family Friendly)
4,6. Explorer by Mahoora - Kumana,Airport transportation
5,6. Explorer by Mahoora - Kumana,BBQ facilities
6,6. Explorer by Mahoora - Kumana,Mosquito net
7,6. Explorer by Mahoora - Kumana,24-hour front desk
8,6. Explorer by Mahoora - Kumana,Valet parking
9,6. Explorer by Mahoora - Kumana,Bar / lounge
10,6. Explorer by Mahoora - Kumana,Restaurant
11,6. Explorer by Mahoora - Kumana,Special diet menus
12,6. Explorer by Mahoora - Kumana,Wine / champagne
13,6. Explorer by Mahoora - Kumana,Car hire
14,6. Explorer by Mahoora - Kumana,Non-smoking hotel
15,6. Explorer by Mahoora - Kumana,Outdoor fireplace
16,6. Explorer by Mahoora - Kumana,Outdoor furniture
17,6. Explorer by Mahoora - Kumana,Picnic area
18,6. Explorer by Mahoora - Kumana,Express check-in / check-out
19,6. Explorer by Mahoora - Kumana,Desk
20,6. Explorer by Mahoora - Kumana,Housekeeping
21,6. Explorer by Mahoora - Kumana,Room service
22,6. Explorer by Mahoora - Kumana,Seating area
23,6. Explorer by Mahoora - Kumana,Separate dining area
24,6. Explorer by Mahoora - Kumana,Extra long beds
25,6. Explorer by Mahoora - Kumana,Bath / shower
26,6. Explorer by Mahoora - Kumana,Complimentary toiletries
27,6. Explorer by Mahoora - Kumana,Bottled water
28,6. Explorer by Mahoora - Kumana,Wake-up service / alarm clock
29,6. Explorer by Mahoora - Kumana,Non-smoking rooms
30,6. Explorer by Mahoora - Kumana,Suites
31,6. Explorer by Mahoora - Kumana,Family rooms
,hotel,feature
,hotel,feature
0,Rathnapriya Safari Guest Galoya,Free parking
1,Rathnapriya Safari Guest Galoya,Free High Speed Internet (WiFi)
2,Rathnapriya Safari Guest Galoya,Wifi
3,Rathnapriya Safari Guest Galoya,Free breakfast
4,Rathnapriya Safari Guest Galoya,Pets Allowed ( Dog / Pet Friendly )
5,Rathnapriya Safari Guest Galoya,Airport transportation
6,Rathnapriya Safari Guest Galoya,Shuttle bus service
7,Rathnapriya Safari Guest Galoya,Room service
,hotel,feature
0,Beach Guest House Addalaichenai,Children Activities (Kid / Family Friendly)
,hotel,feature
0,Light House Beach Hut,Free parking
1,Light House Beach Hut,Restaurant
2,Light House Beach Hut,Beach
3,Light House Beach Hut,Bicycle rental
4,Light House Beach Hut,Airport transportation
5,Light House Beach Hut,BBQ facilities
6,Light House Beach Hut,Outdoor furniture
7,Light House Beach Hut,24-hour front desk
8,Light House Beach Hut,Secured parking
9,Light House Beach Hut,Sun terrace
10,Light House Beach Hut,Laundry service
11,Light House Beach Hut,Soundproof rooms
12,Light House Beach Hut,Private beach
13,Light House Beach Hut,Family rooms
,hotel,feature
0,Yuhibuhi Forest Resort,Free parking
1,Yuhibuhi Forest Resort,Free High Speed Internet (WiFi)
2,Yuhibuhi Forest Resort,Wifi
3,Yuhibuhi Forest Resort,Pool
4,Yuhibuhi Forest Resort,Children Activities (Kid / Family Friendly)
5,Yuhibuhi Forest Resort,Airport transportation
,hotel,feature
0,Nethmini Regency,Free parking
1,Nethmini Regency,Free High Speed Internet (WiFi)
2,Nethmini Regency,Wifi
3,Nethmini Regency,Paid wifi
4,Nethmini Regency,Pool
5,Nethmini Regency,Bar / lounge
6,Nethmini Regency,Restaurant
7,Nethmini Regency,Banquet room
8,Nethmini Regency,Breakfast available
9,Nethmini Regency,Room service
,hotel,feature
0,Mala's Homestay,Free parking
1,Mala's Homestay,Free internet
2,Mala's Homestay,Free breakfast
3,Mala's Homestay,Evening entertainment
4,Mala's Homestay,Children Activities (Kid / Family Friendly)
5,Mala's Homestay,Pets Allowed ( Dog / Pet Friendly )
6,Mala's Homestay,Airport transportation
7,Mala's Homestay,Massage
8,Mala's Homestay,Internet
9,Mala's Homestay,Laundry service
10,Mala's Homestay,Ironing service
11,Mala's Homestay,Room service
12,Mala's Homestay,Non-smoking rooms
,hotel,feature
0,Aprota Villas Arugambay,Free parking
1,Aprota Villas Arugambay,Free High Speed Internet (WiFi)
2,Aprota Villas Arugambay,Pool
3,Aprota Villas Arugambay,Fitness Center with Gym / Workout Room
4,Aprota Villas Arugambay,Free breakfast
5,Aprota Villas Arugambay,Beach
6,Aprota Villas Arugambay,Bicycle rental
7,Aprota Villas Arugambay,Kids stay free
8,Aprota Villas Arugambay,Electric vehicle charging station
9,Aprota Villas Arugambay,Valet parking
10,Aprota Villas Arugambay,Wifi
11,Aprota Villas Arugambay,Pool / beach towels
12,Aprota Villas Arugambay,Swimming pool toys
13,Aprota Villas Arugambay,Infinity pool
14,Aprota Villas Arugambay,Pool with view
15,Aprota Villas Arugambay,Adult pool
16,Aprota Villas Arugambay,Outdoor pool
17,Aprota Villas Arugambay,Private pool
18,Aprota Villas Arugambay,Plunge pool
19,Aprota Villas Arugambay,Shallow end in pool
20,Aprota Villas Arugambay,Bar / lounge
21,Aprota Villas Arugambay,Coffee shop
22,Aprota Villas Arugambay,Restaurant
23,Aprota Villas Arugambay,Breakfast available
24,Aprota Villas Arugambay,Breakfast in the room
25,Aprota Villas Arugambay,Complimentary Instant Coffee
26,Aprota Villas Arugambay,Complimentary tea
27,Aprota Villas Arugambay,Complimentary welcome drink
28,Aprota Villas Arugambay,Kids' meals
29,Aprota Villas Arugambay,Outdoor dining area
30,Aprota Villas Arugambay,Snack bar
31,Aprota Villas Arugambay,Special diet menus
32,Aprota Villas Arugambay,Wine / champagne
33,Aprota Villas Arugambay,Swimup bar
34,Aprota Villas Arugambay,Poolside bar
35,Aprota Villas Arugambay,Bicycles available
36,Aprota Villas Arugambay,Canoeing
37,Aprota Villas Arugambay,Water sport equipment rentals
38,Aprota Villas Arugambay,Walking tours
39,Aprota Villas Arugambay,Board games / puzzles
40,Aprota Villas Arugambay,Nightclub / DJ
41,Aprota Villas Arugambay,Children's television networks
42,Aprota Villas Arugambay,Kids pool
43,Aprota Villas Arugambay,Highchairs available
44,Aprota Villas Arugambay,Airport transportation
45,Aprota Villas Arugambay,Business Center with Internet Access
46,Aprota Villas Arugambay,Conference facilities
47,Aprota Villas Arugambay,Meeting rooms
48,Aprota Villas Arugambay,Photo copier / fax In business center
49,Aprota Villas Arugambay,Spa
50,Aprota Villas Arugambay,24-hour security
51,Aprota Villas Arugambay,BBQ facilities
52,Aprota Villas Arugambay,Baggage storage
53,Aprota Villas Arugambay,Concierge
54,Aprota Villas Arugambay,Non-smoking hotel
55,Aprota Villas Arugambay,Outdoor furniture
56,Aprota Villas Arugambay,Picnic area
57,Aprota Villas Arugambay,Sun deck
58,Aprota Villas Arugambay,Sun loungers / beach chairs
59,Aprota Villas Arugambay,Sun terrace
60,Aprota Villas Arugambay,Sun umbrellas
61,Aprota Villas Arugambay,Butler service
62,Aprota Villas Arugambay,Doorperson
63,Aprota Villas Arugambay,First aid kit
64,Aprota Villas Arugambay,Umbrella
65,Aprota Villas Arugambay,24-hour front desk
66,Aprota Villas Arugambay,Private check-in / check-out
67,Aprota Villas Arugambay,Dry cleaning
68,Aprota Villas Arugambay,Laundry service
69,Aprota Villas Arugambay,Ironing service
70,Aprota Villas Arugambay,Blackout curtains
71,Aprota Villas Arugambay,Bathrobes
72,Aprota Villas Arugambay,Air conditioning
73,Aprota Villas Arugambay,Desk
74,Aprota Villas Arugambay,Housekeeping
75,Aprota Villas Arugambay,Coffee / tea maker
76,Aprota Villas Arugambay,Cable / satellite TV
77,Aprota Villas Arugambay,Bidet
78,Aprota Villas Arugambay,Interconnected rooms available
79,Aprota Villas Arugambay,Private balcony
80,Aprota Villas Arugambay,Room service
81,Aprota Villas Arugambay,Safe
82,Aprota Villas Arugambay,Seating area
83,Aprota Villas Arugambay,Sofa
84,Aprota Villas Arugambay,Telephone
85,Aprota Villas Arugambay,Wardrobe / closet
86,Aprota Villas Arugambay,Bottled water
87,Aprota Villas Arugambay,Minibar
88,Aprota Villas Arugambay,Refrigerator
89,Aprota Villas Arugambay,Electric kettle
90,Aprota Villas Arugambay,Flatscreen TV
91,Aprota Villas Arugambay,On-demand movies
92,Aprota Villas Arugambay,Bath / shower
93,Aprota Villas Arugambay,Complimentary toiletries
94,Aprota Villas Arugambay,Hair dryer
95,Aprota Villas Arugambay,Ocean view
96,Aprota Villas Arugambay,Non-smoking rooms
97,Aprota Villas Arugambay,Suites
98,Aprota Villas Arugambay,Family rooms
,hotel,feature
0,Whisky Point Surf Cabana,Free parking
1,Whisky Point Surf Cabana,Free High Speed Internet (WiFi)
2,Whisky Point Surf Cabana,Wifi
3,Whisky Point Surf Cabana,Free breakfast
4,Whisky Point Surf Cabana,Restaurant
5,Whisky Point Surf Cabana,Beach
6,Whisky Point Surf Cabana,Pets Allowed ( Dog / Pet Friendly )
7,Whisky Point Surf Cabana,Airport transportation
,hotel,feature
,hotel,feature
0,Riva Del Sole,Free parking
1,Riva Del Sole,Free internet
2,Riva Del Sole,Free breakfast
3,Riva Del Sole,Beach
4,Riva Del Sole,Children Activities (Kid / Family Friendly)
5,Riva Del Sole,Airport transportation
6,Riva Del Sole,Business Center with Internet Access
7,Riva Del Sole,Spa
8,Riva Del Sole,Secured parking
9,Riva Del Sole,Restaurant
10,Riva Del Sole,Room service
,hotel,feature
0,Paper Moon Kudils,Free parking
1,Paper Moon Kudils,Free internet
2,Paper Moon Kudils,Pool
3,Paper Moon Kudils,Fitness Center with Gym / Workout Room
4,Paper Moon Kudils,Free breakfast
5,Paper Moon Kudils,Beach
6,Paper Moon Kudils,Fishing
7,Paper Moon Kudils,Children Activities (Kid / Family Friendly)
8,Paper Moon Kudils,Secured parking
9,Paper Moon Kudils,Internet
10,Paper Moon Kudils,Pool / beach towels
11,Paper Moon Kudils,Outdoor pool
12,Paper Moon Kudils,Restaurant
13,Paper Moon Kudils,Breakfast available
14,Paper Moon Kudils,Complimentary welcome drink
15,Paper Moon Kudils,Airport transportation
16,Paper Moon Kudils,Car hire
17,Paper Moon Kudils,24-hour security
18,Paper Moon Kudils,Outdoor furniture
19,Paper Moon Kudils,Shared lounge / TV area
20,Paper Moon Kudils,Sun loungers / beach chairs
21,Paper Moon Kudils,Sun terrace
22,Paper Moon Kudils,24-hour front desk
23,Paper Moon Kudils,Express check-in / check-out
24,Paper Moon Kudils,Laundry service
25,Paper Moon Kudils,Ironing service
26,Paper Moon Kudils,Blackout curtains
27,Paper Moon Kudils,Private beach
28,Paper Moon Kudils,Desk
29,Paper Moon Kudils,Seating area
30,Paper Moon Kudils,Bottled water
31,Paper Moon Kudils,Wake-up service / alarm clock
32,Paper Moon Kudils,Bath / shower
33,Paper Moon Kudils,Non-smoking rooms
,hotel,feature
,hotel,feature
,hotel,feature
0,De Perla Resort,Free parking
1,De Perla Resort,Free High Speed Internet (WiFi)
2,De Perla Resort,Wifi
3,De Perla Resort,Free breakfast
4,De Perla Resort,Restaurant
5,De Perla Resort,Beach
6,De Perla Resort,Pets Allowed ( Dog / Pet Friendly )
7,De Perla Resort,Airport transportation
8,De Perla Resort,Family rooms
9,De Perla Resort,Smoking rooms available
,hotel,feature
,hotel,feature
,hotel,feature
,hotel,feature
0,Whisky Point Resort,Free parking
1,Whisky Point Resort,Free High Speed Internet (WiFi)
2,Whisky Point Resort,Yoga classes
3,Whisky Point Resort,Free breakfast
4,Whisky Point Resort,Beach
5,Whisky Point Resort,Snorkeling
6,Whisky Point Resort,Pets Allowed ( Dog / Pet Friendly )
7,Whisky Point Resort,Airport transportation
8,Whisky Point Resort,Secured parking
9,Whisky Point Resort,Wifi
10,Whisky Point Resort,Yoga room
11,Whisky Point Resort,Bar / lounge
12,Whisky Point Resort,Restaurant
13,Whisky Point Resort,Bicycle tours
14,Whisky Point Resort,Fishing
15,Whisky Point Resort,Nightclub / DJ
16,Whisky Point Resort,Shuttle bus service
17,Whisky Point Resort,Car hire
18,Whisky Point Resort,Taxi service
19,Whisky Point Resort,Spa
20,Whisky Point Resort,Massage
21,Whisky Point Resort,Neck massage
22,Whisky Point Resort,Concierge
23,Whisky Point Resort,Currency exchange
24,Whisky Point Resort,Mosquito net
25,Whisky Point Resort,Outdoor fireplace
26,Whisky Point Resort,Outdoor furniture
27,Whisky Point Resort,Picnic area
28,Whisky Point Resort,Sun loungers / beach chairs
29,Whisky Point Resort,Laundry service
30,Whisky Point Resort,Housekeeping
31,Whisky Point Resort,Room service
32,Whisky Point Resort,Bath / shower
33,Whisky Point Resort,Ocean view
34,Whisky Point Resort,Landmark view
35,Whisky Point Resort,Non-smoking rooms
,hotel,feature
,hotel,feature
0,15LMD,Free parking
1,15LMD,Free High Speed Internet (WiFi)
2,15LMD,Wifi
3,15LMD,Restaurant
4,15LMD,Airport transportation
5,15LMD,Shuttle bus service
6,15LMD,Mosquito net
7,15LMD,Clothes rack
8,15LMD,Complimentary toiletries
9,15LMD,Family rooms
,hotel,feature
0,Beni Beach Resort,Free parking
1,Beni Beach Resort,Free High Speed Internet (WiFi)
2,Beni Beach Resort,Children Activities (Kid / Family Friendly)
3,Beni Beach Resort,Pets Allowed ( Dog / Pet Friendly )
4,Beni Beach Resort,Shared kitchen
5,Beni Beach Resort,Shared lounge / TV area
6,Beni Beach Resort,Ironing service
7,Beni Beach Resort,Air conditioning
8,Beni Beach Resort,Room service
,hotel,feature
0,Dream Garden Resort,Free parking
1,Dream Garden Resort,Free High Speed Internet (WiFi)
2,Dream Garden Resort,Pool
3,Dream Garden Resort,Bar / lounge
4,Dream Garden Resort,Beach
5,Dream Garden Resort,Bicycle rental
6,Dream Garden Resort,Children Activities (Kid / Family Friendly)
7,Dream Garden Resort,Pets Allowed ( Dog / Pet Friendly )
8,Dream Garden Resort,Parking
9,Dream Garden Resort,Wifi
10,Dream Garden Resort,Pool / beach towels
11,Dream Garden Resort,Outdoor pool
12,Dream Garden Resort,Restaurant
13,Dream Garden Resort,Breakfast available
14,Dream Garden Resort,Water sport equipment rentals
15,Dream Garden Resort,Airport transportation
16,Dream Garden Resort,Non-smoking hotel
17,Dream Garden Resort,Sun umbrellas
18,Dream Garden Resort,Laundry service
19,Dream Garden Resort,Air conditioning
20,Dream Garden Resort,Desk
21,Dream Garden Resort,Housekeeping
22,Dream Garden Resort,Room service
23,Dream Garden Resort,Electric kettle
24,Dream Garden Resort,Cable / satellite TV
25,Dream Garden Resort,Flatscreen TV
26,Dream Garden Resort,Bath / shower
27,Dream Garden Resort,Safe
28,Dream Garden Resort,Seating area
29,Dream Garden Resort,Telephone
30,Dream Garden Resort,Wardrobe / closet
31,Dream Garden Resort,Clothes rack
32,Dream Garden Resort,Private bathrooms
33,Dream Garden Resort,Wake-up service / alarm clock
34,Dream Garden Resort,Complimentary toiletries
35,Dream Garden Resort,Hair dryer
36,Dream Garden Resort,Non-smoking rooms
37,Dream Garden Resort,Suites
38,Dream Garden Resort,Family rooms
,hotel,feature
0,Ecoland Resort,Free parking
1,Ecoland Resort,Restaurant
2,Ecoland Resort,Children Activities (Kid / Family Friendly)
3,Ecoland Resort,Airport transportation
4,Ecoland Resort,Room service
,hotel,feature
0,Kunam Beach Rest Inn,Free parking
1,Kunam Beach Rest Inn,Free High Speed Internet (WiFi)
2,Kunam Beach Rest Inn,Restaurant
3,Kunam Beach Rest Inn,Beach
4,Kunam Beach Rest Inn,Bicycle rental
5,Kunam Beach Rest Inn,Baggage storage
6,Kunam Beach Rest Inn,Outdoor furniture
7,Kunam Beach Rest Inn,24-hour front desk
8,Kunam Beach Rest Inn,Parking garage
9,Kunam Beach Rest Inn,Kids' meals
10,Kunam Beach Rest Inn,Shared kitchen
11,Kunam Beach Rest Inn,Laundry service
12,Kunam Beach Rest Inn,Ironing service
13,Kunam Beach Rest Inn,Air conditioning
14,Kunam Beach Rest Inn,Desk
15,Kunam Beach Rest Inn,Room service
16,Kunam Beach Rest Inn,Safe
17,Kunam Beach Rest Inn,Bottled water
18,Kunam Beach Rest Inn,Clothes rack
19,Kunam Beach Rest Inn,Flatscreen TV
20,Kunam Beach Rest Inn,Bath / shower
21,Kunam Beach Rest Inn,Family rooms
